{
  "format": "layers-model",
  "generatedBy": "keras v3.10.0",
  "convertedBy": "TensorFlow.js Converter v4.22.0",
  "modelTopology": {
    "keras_version": "3.10.0",
    "backend": "tensorflow",
    "model_config": {
      "class_name": "Sequential",
      "config": {
        "name": "sequential_1",
        "trainable": true,
        "layers": [
          {
            "class_name": "InputLayer",
            "config": {
              "batch_input_shape": [null, 100, 5],
              "dtype": "float32",
              "sparse": false,
              "ragged": false,
              "name": "input_layer_1"
            }
          },
          {
            "class_name": "LSTM",
            "config": {
              "name": "lstm_2",
              "trainable": true,
              "return_sequences": false,
              "units": 64,
              "activation": "tanh",
              "recurrent_activation": "sigmoid",
              "use_bias": true,
              "unit_forget_bias": true,
              "dropout": 0.0,
              "recurrent_dropout": 0.0
            }
          },
          {
            "class_name": "RepeatVector",
            "config": {
              "name": "repeat_vector_1",
              "trainable": true,
              "n": 30
            }
          },
          {
            "class_name": "LSTM",
            "config": {
              "name": "lstm_3",
              "trainable": true,
              "return_sequences": true,
              "units": 64,
              "activation": "tanh",
              "recurrent_activation": "sigmoid",
              "use_bias": true,
              "unit_forget_bias": true,
              "dropout": 0.0,
              "recurrent_dropout": 0.0
            }
          },
          {
            "class_name": "TimeDistributed",
            "config": {
              "name": "time_distributed_2",
              "trainable": true,
              "layer": {
                "class_name": "Dense",
                "config": {
                  "name": "dense_2",
                  "units": 1,
                  "activation": "linear",
                  "use_bias": true
                }
              }
            }
          }
        ]
      }
    },
    "training_config": {
      "loss": "mse",
      "metrics": null,
      "optimizer_config": {
        "class_name": "Adam",
        "config": {
          "learning_rate": 0.0005,
          "beta_1": 0.9,
          "beta_2": 0.999,
          "epsilon": 1e-07,
          "amsgrad": false
        }
      }
    }
  },
  "weightsManifest": [
    {
      "paths": ["group1-shard1of1.bin"],
      "weights": [
        { "name": "lstm_2/kernel", "shape": [5, 256], "dtype": "float32" },
        { "name": "lstm_2/recurrent_kernel", "shape": [64, 256], "dtype": "float32" },
        { "name": "lstm_2/bias", "shape": [256], "dtype": "float32" },
        { "name": "lstm_3/kernel", "shape": [64, 256], "dtype": "float32" },
        { "name": "lstm_3/recurrent_kernel", "shape": [64, 256], "dtype": "float32" },
        { "name": "lstm_3/bias", "shape": [256], "dtype": "float32" },
        { "name": "time_distributed_2/dense_2/kernel", "shape": [64, 1], "dtype": "float32" },
        { "name": "time_distributed_2/dense_2/bias", "shape": [1], "dtype": "float32" }
      ]
    }
  ]
}
